payload_bytes,classical_latency_ms,static_hybrid_latency_ms,ml_optimized_latency_ms
128.0,0.33888,1.9004800000000002,1.33728
256.0,0.39776,3.52096,2.39456
512.0,0.51552,6.76192,4.509119999999999
1024.0,0.75104,13.24384,8.73824
2048.0,1.22208,26.207680000000003,17.19648
